{
  "display": {
    "icon": {
      "id": "minecraft:slime_block"
    },
    "title": {
      "translate": "advancements.abss.title"
    },
    "description": {
      "translate": "advancements.abss.descr"
    },
    "frame": "goal",
    "show_toast": true,
    "announce_to_chat": true,
    "hidden": false
  },
  "criteria": {
    "abss_0": {
      "trigger": "minecraft:changed_dimension",
      "conditions": {
        "to": "more_minecraft:sd"
      }
    }
  },
  "rewards": {
    "experience": 4
  },
  "parent": "more_minecraft:moreof_minecraft"
}