{
  "display": {
    "icon": {
      "id": "minecraft:snow_block"
    },
    "title": {
      "translate": "advancements.wasteofsnow.title"
    },
    "description": {
      "translate": "advancements.wasteofsnow.descr"
    },
    "frame": "task",
    "show_toast": true,
    "announce_to_chat": true,
    "hidden": false
  },
  "criteria": {
    "wasteofsnow_0": {
      "trigger": "minecraft:location",
      "conditions": {
        "player": [
          {
            "condition": "minecraft:entity_properties",
            "entity": "this",
            "predicate": {
              "location": {
                "biomes": "more_minecraft:snowy_wasteland"
              }
            }
          }
        ]
      }
    }
  },
  "rewards": {
    "experience": 1
  },
  "parent": "more_minecraft:moreof_minecraft"
}